Rk,Player,Tm,2019-20
1,Stephen Curry\curryst01,GSW,"$40,231,758 "
2,Russell Westbrook\westbru01,HOU,"$38,506,482 "
3,Chris Paul\paulch01,OKC,"$38,506,482 "
4,John Wall\walljo01,WAS,"$38,199,000 "
5,James Harden\hardeja01,HOU,"$38,199,000 "
6,LeBron James\jamesle01,LAL,"$37,436,858 "
7,Kevin Durant\duranke01,BRK,"$37,199,000 "
8,Blake Griffin\griffbl01,DET,"$34,234,964 "
9,Kyle Lowry\lowryky01,TOR,"$33,296,296 "
10,Paul George\georgpa01,LAC,"$33,005,556 "
11,Klay Thompson\thompkl01,GSW,"$32,742,000 "
12,Tobias Harris\harrito02,PHI,"$32,742,000 "
13,Jimmy Butler\butleji01,MIA,"$32,742,000 "
14,Kemba Walker\walkeke02,BOS,"$32,742,000 "
15,Kawhi Leonard\leonaka01,LAC,"$32,742,000 "
16,Gordon Hayward\haywago01,BOS,"$32,700,690 "
17,Mike Conley\conlemi01,UTA,"$32,511,623 "
18,Kyrie Irving\irvinky01,BRK,"$31,742,000 "
19,Khris Middleton\middlkh01,MIL,"$30,603,448 "
20,Paul Millsap\millspa01,DEN,"$30,500,000 "
21,Damian Lillard\lillada01,POR,"$29,802,321 "
22,Kevin Love\loveke01,CLE,"$28,942,830 "
23,Nikola Vučević\vucevni01,ORL,"$28,000,000 "
24,Al Horford\horfoal01,PHI,"$28,000,000 "
25,DeMar DeRozan\derozde01,SAS,"$27,739,975 "
26,CJ McCollum\mccolcj01,POR,"$27,556,959 "
27,Joel Embiid\embiijo01,PHI,"$27,504,630 "
28,Andrew Wiggins\wiggian01,GSW,"$27,504,630 "
29,Devin Booker\bookede01,PHO,"$27,285,000 "
30,Karl-Anthony Towns\townska01,MIN,"$27,285,000 "
31,Kristaps Porziņģis\porzikr01,DAL,"$27,285,000 "
32,D'Angelo Russell\russeda01,MIN,"$27,285,000 "
33,Otto Porter\porteot01,CHI,"$27,250,576 "
34,Bradley Beal\bealbr01,WAS,"$27,093,019 "
35,Andre Drummond\drumman01,CLE,"$27,093,019 "
36,Anthony Davis\davisan02,LAL,"$27,093,019 "
37,Hassan Whiteside\whiteha01,POR,"$27,093,018 "
38,Nikola Jokić\jokicni01,DEN,"$26,573,595 "
39,Jrue Holiday\holidjr01,NOP,"$26,131,111 "
40,LaMarcus Aldridge\aldrila01,SAS,"$26,000,000 "
41,Steven Adams\adamsst01,OKC,"$25,842,697 "
42,Giannis Antetokounmpo\antetgi01,MIL,"$25,842,697 "
43,Marc Gasol\gasolma01,TOR,"$25,595,700 "
44,Nicolas Batum\batumni01,CHO,"$25,565,217 "
45,Chandler Parsons\parsoch01,ATL,"$25,102,511 "
46,Rudy Gobert\goberru01,UTA,"$25,008,427 "
47,Harrison Barnes\barneha02,SAC,"$24,147,727 "
48,Serge Ibaka\ibakase01,TOR,"$23,271,604 "
49,Danilo Gallinari\gallida01,OKC,"$22,615,559 "
50,Victor Oladipo\oladivi01,IND,"$21,000,000 "
51,Malcolm Brogdon\brogdma01,IND,"$20,000,000 "
52,Terry Rozier\roziete01,CHO,"$19,894,737 "
53,Aaron Gordon\gordoaa01,ORL,"$19,863,636 "
54,Zach LaVine\lavinza01,CHI,"$19,500,000 "
55,Kent Bazemore\bazemke01,SAC,"$19,269,662 "
56,Tyler Johnson\johnsty01,PHO,"$19,245,370 "
57,Goran Dragić\dragigo01,MIA,"$19,217,900 "
58,Jeff Teague\teaguje01,ATL,"$19,000,000 "
59,Evan Turner\turneev01,MIN,"$18,606,557 "
60,Draymond Green\greendr01,GSW,"$18,539,130 "
61,Tristan Thompson\thomptr01,CLE,"$18,539,130 "
62,Tim Hardaway\hardati02,DAL,"$18,150,000 "
63,Myles Turner\turnemy01,IND,"$18,000,000 "
64,Julius Randle\randlju01,NYK,"$18,000,000 "
65,Gary Harris\harriga01,DEN,"$17,839,286 "
66,Allen Crabbe\crabbal01,MIN,"$17,818,456 "
67,Derrick Favors\favorde01,NOP,"$17,650,000 "
68,Reggie Jackson\jacksre01,DET,"$17,286,956 "
69,Andre Iguodala\iguodan01,MIA,"$17,185,185 "
70,Bojan Bogdanović\bogdabo02,UTA,"$17,000,000 "
71,Evan Fournier\fournev01,ORL,"$17,000,000 "
72,Bismack Biyombo\biyombi01,CHO,"$17,000,000 "
73,Gorgui Dieng\dienggo01,MEM,"$16,229,213 "
74,Ricky Rubio\rubiori01,PHO,"$16,200,000 "
75,Jonas Valančiūnas\valanjo01,MEM,"$16,000,000 "
76,Brandon Knight\knighbr03,DET,"$15,643,750 "
77,Eric Bledsoe\bledser01,MIL,"$15,625,000 "
78,Kelly Oubre\oubreke01,PHO,"$15,625,000 "
79,Dennis Schröder\schrode01,OKC,"$15,500,000 "
80,Ian Mahinmi\mahinia01,WAS,"$15,450,051 "
81,James Johnson\johnsja01,MIN,"$15,349,400 "
82,Bobby Portis\portibo01,NYK,"$15,000,000 "
83,Marcus Morris\morrima03,LAC,"$15,000,000 "
84,Clint Capela\capelca01,ATL,"$14,896,552 "
85,Danny Green\greenda02,LAL,"$14,634,146 "
86,Cody Zeller\zelleco01,CHO,"$14,471,910 "
87,Eric Gordon\gordoer01,HOU,"$14,057,730 "
88,Marvin Williams\willima02,CHO,"$14,049,901 "
89,Mason Plumlee\plumlma01,DEN,"$14,041,096 "
90,Rudy Gay\gayru01,SAS,"$14,000,000 "
91,J.J. Redick\redicjj01,NOP,"$13,486,300 "
92,Jordan Clarkson\clarkjo01,UTA,"$13,437,500 "
93,Dewayne Dedmon\dedmode01,ATL,"$13,333,334 "
94,Justise Winslow\winslju01,MEM,"$13,000,000 "
95,Thaddeus Young\youngth01,CHI,"$12,900,000 "
96,Will Barton\bartowi01,DEN,"$12,776,786 "
97,Courtney Lee\leeco01,DAL,"$12,759,670 "
98,Solomon Hill\hillso01,MIA,"$12,758,781 "
99,Larry Nance\nancela02,CLE,"$12,727,273 "
100,Marcus Smart\smartma01,BOS,"$12,553,471 "
101,Terrence Ross\rosste01,ORL,"$12,500,000 "
102,Miles Plumlee\plumlmi01,MEM,"$12,500,000 "
103,Patty Mills\millspa02,SAS,"$12,428,571 "
104,Patrick Beverley\beverpa01,LAC,"$12,345,679 "
105,Trevor Ariza\arizatr01,POR,"$12,200,000 "
106,Michael Kidd-Gilchrist\kiddgmi01,CHO,"$12,189,237 "
107,Dion Waiters\waitedi01,MEM,"$12,100,000 "
108,Brook Lopez\lopezbr01,MIL,"$12,093,024 "
109,Jusuf Nurkić\nurkiju01,POR,"$12,000,000 "
110,Cory Joseph\josepco01,SAC,"$12,000,000 "
111,Joe Ingles\inglejo01,UTA,"$11,954,546 "
112,Kelly Olynyk\olynyke01,MIA,"$11,667,885 "
113,Maurice Harkless\harklma01,NYK,"$11,511,234 "
114,Tony Snell\snellto01,DET,"$11,392,857 "
115,Robert Covington\covinro01,HOU,"$11,301,219 "
116,Meyers Leonard\leoname01,MIA,"$11,286,515 "
117,T.J. Warren\warretj01,IND,"$10,810,000 "
118,Andre Roberson\roberan03,OKC,"$10,740,741 "
119,Spencer Dinwiddie\dinwisp01,BRK,"$10,605,600 "
120,Jeremy Lamb\lambje01,IND,"$10,500,000 "
121,Dwight Powell\poweldw01,DAL,"$10,259,375 "
122,Norman Powell\powelno01,TOR,"$10,116,576 "
123,Josh Richardson\richajo01,PHI,"$10,116,576 "
124,Tomáš Satoranský\satorto01,CHI,"$10,000,000 "
125,DeAndre Jordan\jordade01,BRK,"$9,881,598 "
126,Taj Gibson\gibsota01,NYK,"$9,800,000 "
127,Zion Williamson\willizi01,NOP,"$9,757,440 "
128,Markelle Fultz\fultzma01,ORL,"$9,745,200 "
129,John Henson\hensojo01,DET,"$9,732,396 "
130,Matthew Dellavedova\dellama01,CLE,"$9,607,500 "
131,Dante Exum\exumda01,CLE,"$9,600,000 "
132,Deandre Ayton\aytonde01,PHO,"$9,562,920 "
133,Delon Wright\wrighde01,DAL,"$9,473,684 "
134,Fred VanVleet\vanvlfr01,TOR,"$9,346,153 "
135,Jerami Grant\grantje01,DEN,"$9,346,153 "
136,Al-Farouq Aminu\aminual01,ORL,"$9,258,000 "
137,George Hill\hillge01,MIL,"$9,133,907 "
138,Kyle Anderson\anderky01,MEM,"$9,073,050 "
139,Ja Morant\moranja01,MEM,"$8,730,240 "
140,C.J. Miles\milescj01,WAS,"$8,730,158 "
141,Lonzo Ball\balllo01,NOP,"$8,719,320 "
142,E'Twaun Moore\mooreet01,NOP,"$8,664,928 "
143,Marvin Bagley\baglema01,SAC,"$8,556,120 "
144,Bogdan Bogdanović\bogdabo01,SAC,"$8,529,386 "
145,Tyus Jones\jonesty01,MEM,"$8,408,000 "
146,P.J. Tucker\tuckepj01,HOU,"$8,349,039 "
147,Cristiano Felício\feliccr01,CHI,"$8,156,500 "
148,Ben Simmons\simmobe01,PHI,"$8,113,930 "
149,Kentavious Caldwell-Pope\caldwke01,LAL,"$8,089,282 "
150,Thomas Bryant\bryanth01,WAS,"$8,000,000 "
151,Maxi Kleber\klebima01,DAL,"$8,000,000 "
152,Lou Williams\willilo02,LAC,"$8,000,000 "
153,Elfrid Payton\paytoel01,NYK,"$8,000,000 "
154,Wayne Ellington\ellinwa01,NYK,"$8,000,000 "
155,RJ Barrett\barrerj01,NYK,"$7,839,960 "
156,Jayson Tatum\tatumja01,BOS,"$7,830,000 "
157,Jae Crowder\crowdja01,MIA,"$7,815,533 "
158,Luka Dončić\doncilu01,DAL,"$7,683,360 "
159,Joe Harris\harrijo01,BRK,"$7,666,667 "
160,Seth Curry\curryse01,DAL,"$7,461,380 "
161,Doug McDermott\mcderdo01,IND,"$7,333,334 "
162,Langston Galloway\gallola01,DET,"$7,333,333 "
163,Derrick Rose\rosede01,DET,"$7,317,073 "
164,Brandon Ingram\ingrabr01,NOP,"$7,265,485 "
165,D.J. Augustin\augusdj01,ORL,"$7,250,000 "
166,Darius Miller\milleda01,NOP,"$7,250,000 "
167,De'Andre Hunter\huntede01,ATL,"$7,068,360 "
168,Josh Jackson\jacksjo02,MEM,"$7,059,480 "
169,Dāvis Bertāns\bertada01,WAS,"$7,000,000 "
170,Ersan İlyasova\ilyaser01,MIL,"$7,000,000 "
171,Jaren Jackson\jacksja02,MEM,"$6,927,480 "
172,DeMarre Carroll\carrode01,SAS,"$6,842,307 "
173,Nemanja Bjelica\bjeline01,SAC,"$6,825,000 "
174,Jaylen Brown\brownja02,BOS,"$6,534,829 "
175,Jabari Parker\parkeja01,SAC,"$6,500,000 "
176,Ivica Zubac\zubaciv01,LAC,"$6,481,482 "
177,Joakim Noah\noahjo01,NYK,"$6,431,666 "
178,Darius Garland\garlada01,CLE,"$6,400,920 "
179,De'Aaron Fox\foxde01,SAC,"$6,392,760 "
180,Trae Young\youngtr01,ATL,"$6,273,000 "
181,Ish Smith\smithis01,WAS,"$6,000,000 "
182,Montrezl Harrell\harremo01,LAC,"$6,000,000 "
183,Marco Belinelli\belinma01,SAS,"$5,846,154 "
184,Jarrett Culver\culveja01,MIN,"$5,813,640 "
185,Jonathan Isaac\isaacjo01,ORL,"$5,806,440 "
186,Rodney Hood\hoodro01,POR,"$5,718,000 "
187,Mohamed Bamba\bambamo01,ORL,"$5,697,600 "
188,Timofey Mozgov\mozgoti01,ORL,"$5,573,333 "
189,Trey Lyles\lylestr01,SAS,"$5,500,000 "
190,Deron Williams\willide01,BRK,"$5,474,787 "
191,Aron Baynes\baynear01,PHO,"$5,453,280 "
192,Kris Dunn\dunnkr01,CHI,"$5,348,007 "
193,Josh Smith\smithjo03,DET,"$5,331,729 "
194,Coby White\whiteco01,CHI,"$5,307,120 "
195,Lauri Markkanen\markkla01,CHI,"$5,300,400 "
196,Ryan Anderson\anderry01,MIA,"$5,214,583 "
197,Wendell Carter\cartewe01,CHI,"$5,201,400 "
198,Pau Gasol\gasolpa01,SAS,"$5,074,856 "
199,Luol Deng\denglu01,LAL,"$5,000,000 "
200,Daniel Theis\theisda01,BOS,"$5,000,000 "
201,Jaxson Hayes\hayesja02,NOP,"$4,862,040 "
202,Buddy Hield\hieldbu01,SAC,"$4,861,208 "
203,Frank Ntilikina\ntilila01,NYK,"$4,855,800 "
204,Rodney McGruder\mcgruro01,LAC,"$4,807,693 "
205,Ed Davis\davised01,UTA,"$4,767,000 "
206,Richaun Holmes\holmeri01,SAC,"$4,767,000 "
207,Frank Kaminsky\kaminfr01,PHO,"$4,767,000 "
208,Mike Scott\scottmi01,PHI,"$4,767,000 "
209,Avery Bradley\bradlav01,LAL,"$4,767,000 "
210,Robin Lopez\lopezro01,MIL,"$4,767,000 "
211,JaMychal Green\greenja01,LAC,"$4,767,000 "
212,Justin Holiday\holidju01,IND,"$4,767,000 "
213,Garrett Temple\templga01,BRK,"$4,767,000 "
214,Enes Kanter\kanteen01,BOS,"$4,767,000 "
215,Collin Sexton\sextoco01,CLE,"$4,764,960 "
216,Rui Hachimura\hachiru01,WAS,"$4,469,160 "
217,Kevon Looney\looneke01,GSW,"$4,464,286 "
218,Dennis Smith\smithde03,NYK,"$4,463,640 "
219,Jamal Murray\murraja01,DEN,"$4,444,746 "
220,Kevin Knox\knoxke01,NYK,"$4,380,120 "
221,Cam Reddish\reddica01,ATL,"$4,245,720 "
222,Zach Collins\colliza01,POR,"$4,240,200 "
223,Mikal Bridges\bridgmi01,PHO,"$4,161,000 "
224,Alex Len\lenal01,SAC,"$4,160,000 "
225,Nicolò Melli\mellini01,NOP,"$4,102,564 "
226,Cameron Johnson\johnsca02,PHO,"$4,033,440 "
227,Malik Monk\monkma01,CHO,"$4,028,400 "
228,Dorian Finney-Smith\finnedo01,DAL,"$4,000,000 "
229,JaVale McGee\mcgeeja01,LAL,"$4,000,000 "
230,Patrick McCaw\mccawpa01,TOR,"$4,000,000 "
231,Reggie Bullock\bullore01,NYK,"$4,000,000 "
232,Shai Gilgeous-Alexander\gilgesh01,OKC,"$3,952,920 "
233,P.J. Washington\washipj01,CHO,"$3,831,840 "
234,Luke Kennard\kennalu01,DET,"$3,827,160 "
235,Miles Bridges\bridgmi02,CHO,"$3,755,400 "
236,Jakob Poeltl\poeltja01,SAS,"$3,754,886 "
237,Tyler Herro\herroty01,MIA,"$3,640,200 "
238,Donovan Mitchell\mitchdo01,UTA,"$3,635,760 "
239,Stanley Johnson\johnsst04,TOR,"$3,623,000 "
240,Jake Layman\laymaja01,MIN,"$3,581,986 "
241,Thon Maker\makerth01,DET,"$3,569,643 "
242,Jerome Robinson\robinje01,WAS,"$3,567,720 "
243,Allonzo Trier\trieral01,NYK,"$3,551,100 "
244,Danuel House\houseda01,HOU,"$3,540,000 "
245,Domantas Sabonis\sabondo01,IND,"$3,529,555 "
246,Mirza Teletović\teletmi01,MIL,"$3,500,000 "
247,Boban Marjanović\marjabo01,DAL,"$3,500,000 "
248,T.J. McConnell\mccontj01,IND,"$3,500,000 "
249,DeMarcus Cousins\couside01,LAL,"$3,500,000 "
250,Taurean Prince\princta02,BRK,"$3,481,986 "
251,Dario Šarić\saricda01,PHO,"$3,481,986 "
252,Romeo Langford\langfro01,BOS,"$3,458,400 "
253,Bam Adebayo\adebaba01,MIA,"$3,454,080 "
254,Kyle Korver\korveky01,PHO,"$3,440,000 "
255,Michael Porter\portemi01,DEN,"$3,389,400 "
256,Denzel Valentine\valende01,CHI,"$3,377,569 "
257,Juan Hernangómez\hernaju01,MIN,"$3,321,030 "
258,Sekou Doumbouya\doumbse01,DET,"$3,285,120 "
259,Justin Jackson\jacksju01,DAL,"$3,280,920 "
260,Troy Brown\browntr01,WAS,"$3,219,480 "
261,Jon Leuer\leuerjo01,MIL,"$3,169,348 "
262,Yogi Ferrell\ferreyo01,SAC,"$3,150,000 "
263,Zhaire Smith\smithzh01,PHI,"$3,058,800 "
264,Dwight Howard\howardw01,MEM,"$3,039,097 "
265,Khem Birch\birchkh01,ORL,"$3,000,000 "
266,Ryan Arcidiacono\arcidry01,CHI,"$3,000,000 "
267,Quinn Cook\cookqu01,LAL,"$3,000,000 "
268,Ömer Aşık\asikom01,CHI,"$3,000,000 "
269,Nickeil Alexander-Walker\alexani01,NOP,"$2,964,840 "
270,D.J. Wilson\wilsodj01,MIL,"$2,961,120 "
271,Cedi Osman\osmande01,CLE,"$2,907,143 "
272,Donte DiVincenzo\divindo01,MIL,"$2,905,800 "
273,Bryn Forbes\forbebr01,SAS,"$2,875,000 "
274,Andrew Nicholson\nichoan01,POR,"$2,844,429 "
275,Goga Bitadze\bitadgo01,IND,"$2,816,760 "
276,T.J. Leaf\leaftj01,IND,"$2,813,280 "
277,Lonnie Walker\walkelo01,SAS,"$2,760,480 "
278,Alex Caruso\carusal01,LAL,"$2,750,000 "
279,Malik Beasley\beaslma01,MIN,"$2,731,714 "
280,Luka Šamanić\samanlu01,SAS,"$2,689,920 "
281,John Collins\collijo01,ATL,"$2,686,560 "
282,Kevin Huerter\huertke01,ATL,"$2,636,280 "
283,Caris LeVert\leverca01,BRK,"$2,625,718 "
284,Marko Guduric\gudurma01,MEM,"$2,625,000 "
285,DeAndre' Bembry\bembrde01,ATL,"$2,603,982 "
286,Matisse Thybulle\thybuma01,PHI,"$2,582,160 "
287,Harry Giles\gilesha01,SAC,"$2,578,800 "
288,Jeff Green\greenje02,UTA,"$2,564,753 "
289,Wesley Matthews\matthwe02,MIL,"$2,564,753 "
290,Kyle Korver\korveky01,MIL,"$2,564,753 "
291,Udonis Haslem\hasleud01,MIA,"$2,564,753 "
292,Jared Dudley\dudleja01,LAL,"$2,564,753 "
293,Rajon Rondo\rondora01,LAL,"$2,564,753 "
294,Dwight Howard\howardw01,LAL,"$2,564,753 "
295,Tyson Chandler\chandty01,HOU,"$2,564,753 "
296,Thabo Sefolosha\sefolth01,HOU,"$2,564,753 "
297,Gerald Green\greenge01,DEN,"$2,564,753 "
298,J.J. Barea\bareajo01,DAL,"$2,564,753 "
299,Wilson Chandler\chandwi01,BRK,"$2,564,753 "
300,Nenê Hilário\hilarne01,ATL,"$2,564,753 "
301,Vince Carter\cartevi01,ATL,"$2,564,753 "
302,Josh Okogie\okogijo01,MIN,"$2,530,680 "
303,Vincent Poirier\poirivi01,BOS,"$2,505,793 "
304,Rondae Hollis-Jefferson\holliro01,TOR,"$2,500,000 "
305,Brandon Clarke\clarkbr01,MEM,"$2,478,840 "
306,Terrance Ferguson\fergute01,OKC,"$2,475,840 "
307,Grayson Allen\allengr01,MEM,"$2,429,400 "
308,Anthony Tolliver\tollian01,SAC,"$2,419,852 "
309,Grant Williams\willigr01,BOS,"$2,379,840 "
310,Jarrett Allen\allenja01,BRK,"$2,376,840 "
311,Pascal Siakam\siakapa01,TOR,"$2,351,839 "
312,Skal Labissière\labissk01,ATL,"$2,338,847 "
313,Chandler Hutchison\hutchch01,CHI,"$2,332,320 "
314,Patrick Patterson\pattepa01,LAC,"$2,331,593 "
315,Dejounte Murray\murrade01,SAS,"$2,321,735 "
316,Alec Burks\burksal01,PHI,"$2,320,044 "
317,Isaiah Thomas\thomais02,LAC,"$2,320,044 "
318,Damian Jones\jonesda03,ATL,"$2,305,057 "
319,Darius Bazley\bazleda01,OKC,"$2,284,800 "
320,OG Anunoby\anunoog01,TOR,"$2,281,800 "
321,Ante Žižić\zizican01,CLE,"$2,281,800 "
322,Luke Kornet\kornelu01,CHI,"$2,250,000 "
323,Monta Ellis\ellismo01,IND,"$2,245,400 "
324,Markieff Morris\morrima02,DET,"$2,241,808 "
325,Aaron Holiday\holidaa01,IND,"$2,239,200 "
326,Ty Jerome\jeromty01,PHO,"$2,193,480 "
327,Willie Cauley-Stein\caulewi01,DAL,"$2,177,483 "
328,Austin Rivers\riverau01,HOU,"$2,174,318 "
329,Carmelo Anthony\anthoca01,POR,"$2,159,029 "
330,Anfernee Simons\simonan01,POR,"$2,149,560 "
331,Matt Barnes\barnema02,SAC,"$2,133,541 "
332,Nassir Little\littlna01,POR,"$2,105,520 "
333,Moritz Wagner\wagnemo01,WAS,"$2,063,520 "
334,Dylan Windler\windldy01,CLE,"$2,035,800 "
335,Caleb Swanigan\swanica01,POR,"$2,033,160 "
336,Trey Burke\burketr01,PHI,"$2,028,594 "
337,Kyle O'Quinn\oquinky01,PHI,"$2,028,594 "
338,Michael Carter-Williams\cartemi01,ORL,"$2,028,594 "
339,Mike Muscala\muscami01,OKC,"$2,028,594 "
340,Nerlens Noel\noelne01,OKC,"$2,028,594 "
341,Troy Daniels\danietr01,LAL,"$2,028,594 "
342,Ben McLemore\mclembe01,HOU,"$2,028,594 "
343,Spencer Hawes\hawessp01,MIL,"$2,007,058 "
344,Edmond Sumner\sumneed01,IND,"$2,000,000 "
345,Avery Bradley\bradlav01,MEM,"$2,000,000 "
346,Torrey Craig\craigto01,DEN,"$2,000,000 "
347,Noah Vonleh\vonleno01,DEN,"$2,000,000 "
348,Landry Shamet\shamela01,LAC,"$1,995,120 "
349,Mfiondu Kabengele\kabenmf01,LAC,"$1,977,000 "
350,Kyle Kuzma\kuzmaky01,LAL,"$1,974,600 "
351,Jordan Poole\poolejo01,GSW,"$1,964,760 "
352,Tony Bradley\bradlto01,UTA,"$1,962,360 "
353,Keldon Johnson\johnske04,SAS,"$1,950,600 "
354,Derrick White\whitede01,SAS,"$1,948,080 "
355,Robert Williams\williro04,BOS,"$1,937,520 "
356,Josh Hart\hartjo01,NOP,"$1,934,160 "
357,Jacob Evans\evansja02,MIN,"$1,925,880 "
358,Anderson Varejão\varejan01,POR,"$1,913,345 "
359,Džanan Musa\musadz01,BRK,"$1,911,600 "
360,Omari Spellman\spellom01,MIN,"$1,897,800 "
361,Glenn Robinson\robingl02,PHI,"$1,882,867 "
362,James Ennis\ennisja01,ORL,"$1,882,867 "
363,Tim Frazier\fraziti01,DET,"$1,882,867 "
364,Larry Sanders\sandela01,MIL,"$1,865,547 "
365,Shabazz Napier\napiesh01,WAS,"$1,845,301 "
366,Bruno Caboclo\cabocbr01,HOU,"$1,845,301 "
367,Markieff Morris\morrima02,LAL,"$1,750,000 "
368,Mario Hezonja\hezonma01,POR,"$1,737,145 "
369,Emmanuel Mudiay\mudiaem01,UTA,"$1,737,145 "
370,Raul Neto\netora01,PHI,"$1,737,145 "
371,JaKarr Sampson\sampsja02,IND,"$1,737,145 "
372,Pat Connaughton\connapa01,MIL,"$1,723,050 "
373,Jahlil Okafor\okafoja01,NOP,"$1,702,486 "
374,Rodions Kurucs\kurucro01,BRK,"$1,699,236 "
375,Jonah Bolden\boldejo01,PHI,"$1,698,450 "
376,Georges Niang\niangge01,UTA,"$1,678,854 "
377,Cheick Diallo\diallch01,PHO,"$1,678,854 "
378,Dragan Bender\bendedr01,MIL,"$1,678,854 "
379,David Nwaba\nwabada01,BRK,"$1,678,854 "
380,Willy Hernangómez\hernawi01,CHO,"$1,676,735 "
381,Derrick Jones\jonesde02,MIA,"$1,645,357 "
382,Jordan McRae\mcraejo01,DET,"$1,645,357 "
383,Christian Wood\woodch01,DET,"$1,645,357 "
384,Treveon Graham\grahatr01,ATL,"$1,645,357 "
385,Furkan Korkmaz\korkmfu01,PHI,"$1,620,564 "
386,Jordan Bell\belljo01,MEM,"$1,620,564 "
387,Justin Patton\pattoju01,DAL,"$1,620,564 "
388,Royce O'Neale\onealro01,UTA,"$1,618,520 "
389,Dillon Brooks\brookdi01,MEM,"$1,618,520 "
390,Wesley Iwundu\iwundwe01,ORL,"$1,618,520 "
391,Abdel Nader\naderab01,OKC,"$1,618,520 "
392,Damyean Dotson\dotsoda01,NYK,"$1,618,520 "
393,Frank Jackson\jacksfr01,NOP,"$1,618,520 "
394,Sterling Brown\brownst02,MIL,"$1,618,520 "
395,Dwayne Bacon\bacondw01,CHO,"$1,618,520 "
396,Semi Ojeleye\ojelese01,BOS,"$1,618,520 "
397,Chris Boucher\bouchch01,TOR,"$1,588,231 "
398,Malcolm Miller\millema01,TOR,"$1,588,231 "
399,Monte Morris\morrimo01,DEN,"$1,588,231 "
400,Mitchell Robinson\robinmi01,NYK,"$1,559,712 "
401,Amile Jefferson\jeffeam01,ORL,"$1,519,851 "
402,Isaiah Roby\robyis01,OKC,"$1,500,000 "
403,Alfonzo McKinnie\mckinal01,CLE,"$1,500,000 "
404,Nigel Williams-Goss\willini01,UTA,"$1,500,000 "
405,Antonio Blakeney\blakean01,CHI,"$1,488,231 "
406,J.R. Smith\smithjr01,CLE,"$1,456,667 "
407,Shake Milton\miltosh01,PHI,"$1,445,697 "
408,Thanasis Antetokounmpo\antetth01,MIL,"$1,445,697 "
409,Wenyen Gabriel\gabriwe01,POR,"$1,445,697 "
410,Theo Pinson\pinsoth01,NYK,"$1,445,697 "
411,Brad Wanamaker\wanambr01,BOS,"$1,445,697 "
412,Derrick Walton\waltode01,ATL,"$1,445,697 "
413,Gary Trent\trentga02,POR,"$1,416,852 "
414,Duncan Robinson\robindu01,MIA,"$1,416,852 "
415,Kendrick Nunn\nunnke01,MIA,"$1,416,852 "
416,Sviatoslav Mykhailiuk\mykhasv01,DET,"$1,416,852 "
417,Jalen Brunson\brunsja01,DAL,"$1,416,852 "
418,Isaac Bonga\bongais01,WAS,"$1,416,852 "
419,Chimezie Metu\metuch01,SAS,"$1,416,852 "
420,Jevon Carter\carteje01,PHO,"$1,416,852 "
421,Elie Okobo\okoboel01,PHO,"$1,416,852 "
422,Melvin Frazier\frazime01,ORL,"$1,416,852 "
423,Deonte Burton\burtode02,OKC,"$1,416,852 "
424,Hamidou Diallo\diallha01,OKC,"$1,416,852 "
425,Kenrich Williams\willike04,NOP,"$1,416,852 "
426,Jarred Vanderbilt\vandeja01,MIN,"$1,416,852 "
427,De'Anthony Melton\meltode01,MEM,"$1,416,852 "
428,Alize Johnson\johnsal02,IND,"$1,416,852 "
429,Isaiah Hartenstein\harteis01,HOU,"$1,416,852 "
430,Bruce Brown\brownbr01,DET,"$1,416,852 "
431,Khyri Thomas\thomakh01,DET,"$1,416,852 "
432,Keita Bates-Diop\bateske01,DEN,"$1,416,852 "
433,Ryan Broekhoff\broekry01,DAL,"$1,416,852 "
434,Devonte' Graham\grahade01,CHO,"$1,416,852 "
435,Bruno Fernando\fernabr01,ATL,"$1,400,000 "
436,Jaylen Nowell\nowelja01,MIN,"$1,400,000 "
437,Kevin Porter\porteke02,CLE,"$1,290,960 "
438,Carsen Edwards\edwarca01,BOS,"$1,228,026 "
439,Cody Martin\martico01,CHO,"$1,173,310 "
440,Gary Payton\paytoga02,WAS,"$1,090,781 "
441,Guerschon Yabusele\yabusgu01,BOS,"$1,039,080 "
442,George Hill\hillge01,MIL,"$1,000,000 "
443,Admiral Schofield\schofad01,WAS,"$1,000,000 "
444,Terance Mann\mannte01,LAC,"$1,000,000 "
445,Jonathon Simmons\simmojo02,WAS,"$1,000,000 "
446,Justin Hamilton\hamilju01,TOR,"$1,000,000 "
447,Kyle Singler\singlky01,OKC,"$999,200 "
448,Marvin Williams\willima02,MIL,"$956,349 "
449,David Nwaba\nwabada01,HOU,"$903,111 "
450,KZ Okpala\okpalkz01,MIA,"$898,310 "
451,Eric Paschall\pascher01,GSW,"$898,310 "
452,Nicolas Claxton\claxtni01,BRK,"$898,310 "
453,Justin James\jamesju01,SAC,"$898,310 "
454,Ignas Brazdeikis\brazdig01,NYK,"$898,310 "
455,Talen Horton-Tucker\hortota01,LAL,"$898,310 "
456,Daniel Gafford\gaffoda01,CHI,"$898,310 "
457,Alen Smailagić\smailal01,GSW,"$898,310 "
458,Vlatko Čančar\cancavl01,DEN,"$898,310 "
459,Matt Thomas\thomama02,TOR,"$898,310 "
460,Miye Oni\onimi01,UTA,"$898,310 "
461,Dewan Hernandez\hernade01,TOR,"$898,310 "
462,Terence Davis\daviste02,TOR,"$898,310 "
463,Jalen Lecque\lecquja01,PHO,"$898,310 "
464,Naz Reid\reidna01,MIN,"$898,310 "
465,Jalen McDaniels\mcdanja01,CHO,"$898,310 "
466,Caleb Martin\martica02,CHO,"$898,310 "
467,Shaquille Harrison\harrish01,CHI,"$898,310 "
468,Javonte Green\greenja02,BOS,"$898,310 "
469,Damion Lee\leeda03,GSW,"$842,327 "
470,DeMarre Carroll\carrode01,HOU,"$811,447 "
471,Michael Kidd-Gilchrist\kiddgmi01,DAL,"$810,763 "
472,Marquese Chriss\chrisma01,GSW,"$758,804 "
473,Juwan Morgan\morgaju01,UTA,"$746,054 "
474,Patrick Patterson\pattepa01,OKC,"$737,067 "
475,Reggie Jackson\jacksre01,LAC,"$734,025 "
476,Alfonzo McKinnie\mckinal01,CLE,"$708,871 "
477,Gary Clark\clarkga01,HOU,"$708,426 "
478,,DAL,"$289,803 "
479,Jeff Green\greenje02,HOU,"$695,526 "
480,Cole Aldrich\aldrico01,MIN,"$685,340 "
481,Shaun Livingston\livinsh01,GSW,"$666,667 "
482,Marquese Chriss\chrisma01,GSW,"$654,468 "
483,Timothé Luwawu-Cabarrot\luwawti01,BRK,"$654,468 "
484,Rayjon Tucker\tuckera01,UTA,"$578,573 "
485,Chris Clemons\clemoch01,HOU,"$563,347 "
486,Gary Clark\clarkga01,ORL,"$555,409 "
487,Brandon Goodwin\goodwbr01,ATL,"$522,738 "
488,Dion Waiters\waitedi01,LAL,"$503,656 "
489,Tyrone Wallace\wallaty01,ATL,"$502,491 "
490,Ryan Anderson\anderry01,HOU,"$500,000 "
491,Anžejs Pasečņiks\pasecan01,WAS,"$482,144 "
492,Troy Daniels\danietr01,DEN,"$481,000 "
493,Chris Silva\silvach01,MIA,"$466,918 "
494,Pau Gasol\gasolpa01,POR,"$463,684 "
495,Dakari Johnson\johnsda04,MEM,"$459,414 "
496,Iman Shumpert\shumpim01,BRK,"$419,443 "
497,Max Strus\strusma01,BOS,"$415,414 "
498,Justin Robinson\robinju01,WAS,"$395,866 "
499,Dean Wade\wadede01,CLE,"$375,000 "
500,Ivan Rabb\rabbiv01,MEM,"$371,758 "
501,Norvel Pelle\pelleno01,PHI,"$350,189 "
502,Ky Bowman\bowmaky01,GSW,"$350,189 "
503,Juan Toscano-Anderson\toscaju01,GSW,"$350,189 "
504,A.J. Hammons\hammoaj01,MIA,"$350,087 "
505,Festus Ezeli\ezelife01,POR,"$333,333 "
506,C.J. Watson\watsocj01,ORL,"$333,333 "
507,Anthony Tolliver\tollian01,MEM,"$289,803 "
508,Joakim Noah\noahjo01,LAC,"$289,803 "
509,Corey Brewer\breweco01,SAC,"$289,803 "
510,J.R. Smith\smithjr01,LAL,"$289,803 "
511,Luc Mbah a Moute\mbahalu01,HOU,"$289,803 "
512,Jamal Crawford\crawfja01,BRK,"$289,803 "
513,,BRK,"$289,803 "
514,Lance Thomas\thomala01,BRK,"$262,152 "
515,Stanton Kidd\kiddst01,UTA,"$250,000 "
516,Jordan Bell\belljo01,CLE,"$250,000 "
517,Tyler Zeller\zellety01,SAS,"$245,686 "
518,Trey Burke\burketr01,DAL,"$229,220 "
519,Joe Johnson\johnsjo02,DET,"$220,000 "
520,Tyler Johnson\johnsty01,BRK,"$212,753 "
521,Jemerrio Jones\jonesje01,WAS,"$199,000 "
522,Jontay Porter\portejo01,MEM,"$197,933 "
523,Justin Anderson\anderju01,BRK,"$196,288 "
524,Jerian Grant\grantje02,WAS,"$196,288 "
525,Cameron Payne\payneca01,PHO,"$196,288 "
526,Timothé Luwawu-Cabarrot\luwawti01,BRK,"$189,702 "
527,Dragan Bender\bendedr01,GSW,"$189,702 "
528,Mychal Mulder\muldemy01,GSW,"$187,782 "
529,Sindarius Thornwell\thornsi01,NOP,"$183,115 "
530,Justin Patton\pattoju01,DET,"$183,115 "
531,PJ Dozier\doziepj01,DEN,"$183,115 "
532,Alfonzo McKinnie\mckinal01,CLE,"$183,114 "
533,Gary Clark\clarkga01,ORL,"$163,356 "
534,Jarrod Uthoff\uthofja01,WAS,"$163,356 "
535,Jaylen Adams\adamsja01,POR,"$163,356 "
536,Joe Chealey\chealjo01,CHO,"$163,356 "
537,Luguentz Dort\dortlu01,OKC,"$155,647 "
538,Cameron Payne\payneca01,TOR,"$150,000 "
539,Jeff Green\greenje02,HOU,"$144,901 "
540,Anthony Tolliver\tollian01,MEM,"$144,901 "
541,Joakim Noah\noahjo01,LAC,"$144,901 "
542,Troy Williams\willitr02,HOU,"$122,741 "
543,J.P. Macura\macurjp01,CLE,"$106,184 "
544,Johnathan Williams\willijo04,WAS,"$106,181 "
545,Tyler Cook\cookty01,CLE,"$101,504 "
546,Donta Hall\halldo01,DET,"$101,504 "
547,Donta Hall\halldo01,BRK,"$101,504 "
548,Yante Maten\matenya01,MIA,"$100,000 "
549,Jaylen Adams\adamsja01,ATL,"$100,000 "
550,Justin Anderson\anderju01,BRK,"$98,144 "
551,Demetrius Jackson\jacksde01,BOS,"$92,857 "
552,Chasson Randle\randlch01,GSW,"$91,557 "
553,Jeremy Pargo\pargoje01,GSW,"$91,557 "
554,Sheldon Mac\mcclesh01,CLE,"$91,557 "
555,Jonah Bolden\boldejo01,PHO,"$81,678 "
556,Josh Magette\magetjo01,ORL,"$81,678 "
557,Jarrod Uthoff\uthofja01,MEM,"$81,678 "
558,Dusty Hannahs\hannadu01,MEM,"$81,678 "
559,Derrick Walton\waltode01,DET,"$81,678 "
560,Malik Newman\newmama01,CLE,"$65,978 "
561,Mychal Mulder\muldemy01,GSW,"$50,752 "
562,Eric Mika\mikaer01,SAC,"$50,752 "
563,Zach Norvell\norveza01,GSW,"$50,752 "
564,Marques Bolden\boldema01,CLE,"$50,752 "
565,Sir'Dominic Pointer\pointsi01,CLE,"$50,752 "
566,Paul Watson\watsopa01,ATL,"$50,752 "
567,Tyler Cook\cookty01,CLE,"$50,000 "
568,William Howard\howarwi01,UTA,"$50,000 "
569,Isaiah Taylor\taylois01,TOR,"$50,000 "
570,Tyler Lydon\lydonty01,SAC,"$50,000 "
571,Hollis Thompson\thompho01,SAC,"$50,000 "
572,Tyler Ulis\ulisty01,SAC,"$50,000 "
573,Demetrius Jackson\jacksde01,LAL,"$18,312 "
574,Jordan Caroline\caroljo01,LAL,"$6,000 "
575,Anthony Bennett\bennean01,HOU,"$6,000 "
